file,name,line,end,public,language,review
aurora-remote-cli/aurora_cli/cli.py,_patched_getaddrinfo,9,21,False,python,unreviewed
aurora-remote-cli/aurora_cli/cli.py,main,46,54,True,python,unreviewed
aurora-remote-cli/aurora_cli/cli.py,connect,58,133,True,python,unreviewed
aurora-remote-cli/aurora_cli/cli.py,status,137,142,True,python,unreviewed
aurora-remote-cli/aurora_cli/cli.py,doctor,146,151,True,python,unreviewed
aurora-remote-cli/aurora_cli/cli.py,permissions,156,171,True,python,unreviewed
aurora-remote-cli/aurora_cli/cli.py,run,176,183,True,python,unreviewed
aurora-remote-cli/aurora_cli/cli.py,agents,188,190,True,python,unreviewed
aurora-remote-cli/aurora_cli/cli.py,agents_list,193,201,True,python,unreviewed
aurora-remote-cli/aurora_cli/cli.py,agents_disable,205,210,True,python,unreviewed
aurora-remote-cli/aurora_cli/cli.py,mcp,215,217,True,python,unreviewed
aurora-remote-cli/aurora_cli/cli.py,mcp_list,220,225,True,python,unreviewed
aurora-remote-cli/aurora_cli/cli.py,skills,230,232,True,python,unreviewed
aurora-remote-cli/aurora_cli/cli.py,skills_list,235,239,True,python,unreviewed
aurora-remote-cli/aurora_cli/client.py,AuroraClient.__init__,15,29,False,python,unreviewed
aurora-remote-cli/aurora_cli/client.py,AuroraClient.close,32,33,True,python,unreviewed
aurora-remote-cli/aurora_cli/client.py,AuroraClient.get,37,45,True,python,unreviewed
aurora-remote-cli/aurora_cli/client.py,AuroraClient.post,47,55,True,python,unreviewed
aurora-remote-cli/aurora_cli/client.py,AuroraClient.delete,57,65,True,python,unreviewed
aurora-remote-cli/aurora_cli/client.py,AuroraClient.stream_sse,67,92,True,python,unreviewed
aurora-remote-cli/aurora_cli/client.py,AuroraClient.auth,96,97,True,python,unreviewed
aurora-remote-cli/aurora_cli/client.py,AuroraClient.ping,99,104,True,python,unreviewed
aurora-remote-cli/aurora_cli/client.py,AuroraClient.status,108,109,True,python,unreviewed
aurora-remote-cli/aurora_cli/client.py,AuroraClient.doctor,111,112,True,python,unreviewed
aurora-remote-cli/aurora_cli/client.py,AuroraClient.version,114,115,True,python,unreviewed
aurora-remote-cli/aurora_cli/client.py,AuroraClient.tools,117,118,True,python,unreviewed
aurora-remote-cli/aurora_cli/client.py,AuroraClient.models,120,121,True,python,unreviewed
aurora-remote-cli/aurora_cli/client.py,AuroraClient.chat_stream,125,134,True,python,unreviewed
aurora-remote-cli/aurora_cli/client.py,AuroraClient.session_create,138,139,True,python,unreviewed
aurora-remote-cli/aurora_cli/client.py,AuroraClient.session_list,141,142,True,python,unreviewed
aurora-remote-cli/aurora_cli/client.py,AuroraClient.session_resume,144,145,True,python,unreviewed
aurora-remote-cli/aurora_cli/client.py,AuroraClient.session_delete,147,148,True,python,unreviewed
aurora-remote-cli/aurora_cli/client.py,AuroraClient.permissions_get,152,153,True,python,unreviewed
aurora-remote-cli/aurora_cli/client.py,AuroraClient.permissions_set,155,156,True,python,unreviewed
aurora-remote-cli/aurora_cli/client.py,AuroraClient.agents_official,160,161,True,python,unreviewed
aurora-remote-cli/aurora_cli/client.py,AuroraClient.agent_disable,163,164,True,python,unreviewed
aurora-remote-cli/aurora_cli/client.py,AuroraClient.agent_enable,166,167,True,python,unreviewed
aurora-remote-cli/aurora_cli/client.py,AuroraClient.agents_dynamic,169,170,True,python,unreviewed
aurora-remote-cli/aurora_cli/client.py,AuroraClient.agent_dynamic_create,172,173,True,python,unreviewed
aurora-remote-cli/aurora_cli/client.py,AuroraClient.agent_dynamic_delete,175,176,True,python,unreviewed
aurora-remote-cli/aurora_cli/client.py,AuroraClient.agent_dynamic_save,178,179,True,python,unreviewed
aurora-remote-cli/aurora_cli/client.py,AuroraClient.mcp_list,183,184,True,python,unreviewed
aurora-remote-cli/aurora_cli/client.py,AuroraClient.mcp_tools,186,187,True,python,unreviewed
aurora-remote-cli/aurora_cli/client.py,AuroraClient.mcp_call,189,190,True,python,unreviewed
aurora-remote-cli/aurora_cli/client.py,AuroraClient.skills_list,194,195,True,python,unreviewed
aurora-remote-cli/aurora_cli/client.py,AuroraClient.skills_read,197,198,True,python,unreviewed
aurora-remote-cli/aurora_cli/client.py,AuroraClient.skills_create,200,201,True,python,unreviewed
aurora-remote-cli/aurora_cli/client.py,AuroraClient.skills_discover,203,204,True,python,unreviewed
aurora-remote-cli/aurora_cli/client.py,AuroraClient.connections_list,208,209,True,python,unreviewed
aurora-remote-cli/aurora_cli/client.py,AuroraClient.connections_add,211,212,True,python,unreviewed
aurora-remote-cli/aurora_cli/client.py,AuroraClient.connections_remove,214,215,True,python,unreviewed
aurora-remote-cli/aurora_cli/client.py,AuroraClient.connections_test,217,218,True,python,unreviewed
aurora-remote-cli/aurora_cli/client.py,AuroraClient.mission_start,222,227,True,python,unreviewed
aurora-remote-cli/aurora_cli/client.py,AuroraClient.mission_stream,229,230,True,python,unreviewed
aurora-remote-cli/aurora_cli/client.py,AuroraClient.mission_status,232,233,True,python,unreviewed
aurora-remote-cli/aurora_cli/client.py,AuroraClient.mission_stop,235,236,True,python,unreviewed
aurora-remote-cli/aurora_cli/config.py,ensure_dirs,32,34,True,python,unreviewed
aurora-remote-cli/aurora_cli/config.py,load,37,44,True,python,unreviewed
aurora-remote-cli/aurora_cli/config.py,save,47,49,True,python,unreviewed
aurora-remote-cli/aurora_cli/config.py,get,52,53,True,python,unreviewed
aurora-remote-cli/aurora_cli/config.py,set_key,56,59,True,python,unreviewed
aurora-remote-cli/aurora_cli/config.py,resolve_server_url,62,65,True,python,unreviewed
aurora-remote-cli/aurora_cli/config.py,is_configured,68,70,True,python,unreviewed
aurora-remote-cli/aurora_cli/core/jobia.py,JOBIACore.__init__,15,16,False,python,unreviewed
aurora-remote-cli/aurora_cli/core/jobia.py,JOBIACore.set_mode,18,23,True,python,unreviewed
aurora-remote-cli/aurora_cli/core/jobia.py,JOBIACore.process_request,25,60,True,python,unreviewed
aurora-remote-cli/aurora_cli/core/jobia.py,JOBIACore.process_request.worker_logic,33,50,False,python,unreviewed
aurora-remote-cli/aurora_cli/core/jobia.py,JOBIACore.process_request.wrapper,53,56,False,python,unreviewed
aurora-remote-cli/aurora_cli/core/paths.py,init_app_dirs,23,40,True,python,unreviewed
aurora-remote-cli/aurora_cli/display.py,clear,21,22,True,python,unreviewed
aurora-remote-cli/aurora_cli/display.py,animate_matrix_text,24,34,True,python,unreviewed
aurora-remote-cli/aurora_cli/display.py,banner,36,89,True,python,unreviewed
aurora-remote-cli/aurora_cli/display.py,header,91,95,True,python,unreviewed
aurora-remote-cli/aurora_cli/display.py,success,97,98,True,python,unreviewed
aurora-remote-cli/aurora_cli/display.py,error,100,101,True,python,unreviewed
aurora-remote-cli/aurora_cli/display.py,warning,103,104,True,python,unreviewed
aurora-remote-cli/aurora_cli/display.py,info,106,107,True,python,unreviewed
aurora-remote-cli/aurora_cli/display.py,mission_summary,109,118,True,python,unreviewed
aurora-remote-cli/aurora_cli/display.py,typing_effect,120,134,True,python,unreviewed
aurora-remote-cli/aurora_cli/interactive.py,run_interactive,50,303,True,python,unreviewed
aurora-remote-cli/aurora_cli/interactive.py,run_interactive.signal_handler,127,137,False,python,unreviewed
aurora-remote-cli/aurora_cli/interactive.py,run_interactive.on_jobia_done,249,263,False,python,unreviewed
aurora-remote-cli/aurora_cli/interactive.py,_show_help,306,310,False,python,unreviewed
aurora-remote-cli/aurora_cli/interactive.py,_cmd_status,313,318,False,python,unreviewed
aurora-remote-cli/aurora_cli/interactive.py,_cmd_permissions,321,344,False,python,unreviewed
aurora-remote-cli/aurora_cli/interactive.py,_cmd_agents,347,353,False,python,unreviewed
aurora-remote-cli/aurora_cli/interactive.py,_cmd_tools,356,361,False,python,unreviewed
aurora-remote-cli/aurora_cli/interactive.py,_cmd_models,364,369,False,python,unreviewed
aurora-remote-cli/aurora_cli/interactive.py,_cmd_mcp,372,378,False,python,unreviewed
aurora-remote-cli/aurora_cli/interactive.py,_cmd_skills,381,386,False,python,unreviewed
aurora-remote-cli/aurora_cli/interactive.py,_cmd_connections,389,394,False,python,unreviewed
aurora-remote-cli/aurora_cli/interactive.py,_cmd_sessions,397,436,False,python,unreviewed
aurora-remote-cli/aurora_cli/mission.py,run_mission,15,241,True,python,unreviewed
aurora-remote-cli/aurora_cli/mission.py,handle_temporary_agents,244,273,True,python,unreviewed
aurora-remote-cli/tests/test_client_config.py,ClientConfigTests.setUp,9,31,True,python,unreviewed
aurora-remote-cli/tests/test_client_config.py,ClientConfigTests.client,33,36,True,python,unreviewed
aurora-remote-cli/tests/test_client_config.py,ClientConfigTests.test_saved_server_is_used_without_override,38,39,True,python,unreviewed
aurora-remote-cli/tests/test_client_config.py,ClientConfigTests.test_local_wrapper_environment_overrides_saved_remote,41,45,True,python,unreviewed
aurora-remote-cli/tests/test_client_config.py,ClientConfigTests.test_explicit_server_overrides_environment,47,49,True,python,unreviewed
aurora-remote-cli/tests/test_client_config.py,ClientConfigTests.test_environment_does_not_replace_saved_server,51,55,True,python,unreviewed
aurora-remote-cli/tests/test_client_config.py,ClientConfigTests.test_configured_accepts_local_url_with_existing_key,57,60,True,python,unreviewed
aurora-remote-cli/tests/test_client_config.py,ClientConfigTests.test_configured_still_requires_key,62,65,True,python,unreviewed
